10s <zhyueh@gmail.com>
A. Diamond <diamond@sheprador.com>
Abhi Yerra <abhi.yerra@lookout.com>
Adrien Bustany <adrien@bustany.org>
Ainsley Escorce-Jones <me@ains.co>
Ajay Balachandran <ajayxiia@gmail.com>
Ali Moeeny <alimoeeny@gmail.com>
Amit Bakshi <ambakshi@gmail.com>
ando_masaki <ando_masaki@cygames.co.jp>
Andreas Wolff <p@andreaswolff.de>
Andrew M Bursavich <andrew.bursavich@gree.net>
Andrey <and@rey.im>
Andrey Kostov <Akostov@Andreys-MacBook-Pro.local>
Andrey Kostov <kostov.andrey@gmail.com>
andrey mirtchovski <mirtchovski@gmail.com>
Antonio Dolcetta <antonio.dolcetta@gmail.com>
Ben Bangert <ben@groovie.org>
Ben Finkel <ben@fluther.com>
Ben Newhouse <newhouseb@gmail.com>
Bill Hathaway <william_hathaway@cable.comcast.com>
Billy Bastardi <billy@yext.com>
Boyan Dimitrov <boyan.dimitrov@hailocab.com>
Brian Bland <brian.bland@docker.com>
Brian Bland <brian.t.bland@gmail.com>
Brian Hong <sungjinhong@devsisters.com>
Bryan Matsuo <bryan.matsuo@gmail.com>
Bryce Kahle <bryce.kahle@mlssoccer.com>
Caleb Doxsey <caleb@doxsey.net>
Carlos Salguero <csalguero@edrans.com>
Charles Qian <charles.qian@shopspring.com>
Chris Bannister <chris.bannister@swiftkey.net>
Chris Broglie <cbroglie@gmail.com>
Chris Broglie <cbroglie@zynga.com>
Claus Strasburger <claus@strasburger.de>
Cole Gleason <colewashere@gmail.com>
Colin Marc <colinmarc@gmail.com>
Craig Black <blackc@speakeasy.net>
cvanderschuere <cdvconcepts@gmail.com>
Dan Pomeroy <dpomeroy@yext.com>
Dan Worth <djworth@dramafever.com>
Daniel Pehrson <dpehrson@qurve.com>
Darren Dao <ddao@ubuntu.(none)>
Dave Cheney <david.cheney@canonical.com>
David Joyner <david.joyner@spirent.com>
David Rocamora <dave@n22t.com>
Derek Leuridan <derek.leuridan@annalect.com>
Derek Pittsinger <derekpitt@gmail.com>
Donovan Kolbly <donovan.kolbly@civitaslearning.com>
Dylan Meissner <dylanmei@gmail.com>
dylanmei <dylanmei@gmail.com>
eliothedeman <eliot.d.hedeman@gmail.com>
Eugene Pimenov <eugene@libc.st>
Francisco Souza <f@souza.cc>
Francisco Souza <Francisco Souza>
Frank Laub <frank.laub@gmail.com>
Freehaha <freehaha@gmail.com>
futoase <futoase@gmail.com>
Geoff Hayes <hayesgm@gmail.com>
Glenn Yonemitsu <yonemitsu@gmail.com>
Graham Miller <graham.miller@gmail.com>
grantatsyncbak <grant.keiser@syncbak.com>
Greg Zapp <greg.zapp@gmail.com>
Gronpipmaster <gronpipmaster@gmail.com>
Guillaume J. Charmes <guillaume@cloud.com>
Gustavo Niemeyer <gustavo@niemeyer.net>
hasSoumya <soumya@tune.com>
hungryblank <hungryblank+github@gmail.com>
Ian Kent <email@iankent.co.uk>
iNickGo <inickgo@gmail.com>
iyee <tuxyik@gmail.com>
James Henstridge <james.henstridge@canonical.com>
James Henstridge <james@jamesh.id.au>
James Massara <james_massara@intuit.com>
Jeremy Ehrhardt <jeremy@bat-country.us>
Jerome Touffe-Blin <jtblin@atlassian.com>
Jigish Patel <jigish@accompani.com>
Jiri Techet <techet@gmail.com>
Joe Shaw <joeshaw@litl.com>
Johanna Cherry <johanna@hailocab.com>
John Berthels <john@berthels.co.uk>
John Sun <freehaha@gmail.com>
Jonathan Pulfer <jon.pulfer@tridanit.co.uk>
Jonathan Pulfer <JonPulfer@server.fake>
Jonathan Pulfer <pulfer@gmail.com>
Josh <joshua.ms.cox@gmail.com>
jphelan <jphelan@yext.com>
jspeaker <jspeaker@gettyimages.com>
Julian Yap <julianokyap@gmail.com>
Kai Hayashi <kai.hayashi@twitch.tv>
Kamil Domański <kamil@domanski.co>
Kasper Middelboe Petersen <kasper@sybogames.com>
Keith Pitt <me@keithpitt.com>
Ken <ken@bradsdeals.com>
Kevin Caffrey <kcaffrey@gmail.com>
Kevin Caffrey <kevin@yext.com>
Kiko Hsieh <kiko_hsieh@trend.com.tw>
korya <korya@github.com>
Krzysztof Kowalczyk <kkowalczyk@gmail.com>
Kyle Walker <KyleJamesWalker@gmail.com>
Kyrylo Stokoz <kyrylo.stokoz@here.com>
leelynne <leelynne@gmail.com>
Lev <lev@opendns.com>
Lev Brouk <lev@opendns.com>
Levin Alexander <mail@levinalex.net>
liudan <liudan@nibirutech.com>
ltacon <ltacon@yext.com>
Lucas Waller <lucas@waller.me>
Lyndsay Roger <gombadi@users.noreply.github.com>
Lyndsay Roger <lyndsay.roger@sitback.com.au>
Mahmud Ridwan <m@hjr265.me>
Mark McGranaghan <mark@stripe.com>
Mark Peek <mark@peek.org>
Matt Butcher <technosophos@gmail.com>
Matt Heath <matt@mattheath.com>
Matt Ho <matt.ho@gmail.com>
Matthew Brennan <matty.brennan@gmail.com>
Matthew Kanwisher <matt@kanwisher.com>
Matthew Moore <m3moore@gmail.com>
Matthew Moore <matt@crowdmob.com>
Matthew Moore <matt@thrivesmart.com>
mcz <petimsn@gmail.com>
Meelogic-NM <ext-noah.mercer@here.com>
Mike Bohlander <mike@evidence.com>
Mitchell Hashimoto <mitchell.hashimoto@gmail.com>
msama <michele.sama@gmail.com>
msama <michele@swiftkey.net>
Nalin Kumar <nalin@humin.com>
Nathan McCloskey <nathanmccloskey@gmail.com>
Nathan Yergler <nathan@remind101.com>
Nathan Youngman <git@nathany.com>
ned <ned@appliedtrust.com>
Nelson Elhage <nelhage@nelhage.com>
Nevmera I <gronpipmaster@gmail.com>
Noah Campbell <noahcampbell@gmail.com>
noah10 <noah_ten@yahoo.com>
Olivier Gambier <olivier@docker.com>
OMOTO Kenji <kenji.omoto@hde.co.jp>
Patrick Kohan <patrick.kohan@gmail.com>
Paul Lam <paul@quantisan.com>
Paul Magrath <paul@swiftkey.com>
Paweł Kowalak <pawel.kowalak@gmail.com>
Peter Kalvin <peter.kalvin@konstruktor.hu>
Peter Xiao <peter@thumbtack.com>
Peter Yeremenko <peter.yeremenko@gmail.com>
Philip Southam <philipsoutham@gmail.com>
Philipp Boening <philipp@yext.com>
Pranjal Singh <psingh@yext.com>
Rahul Menon <rmenon@apigee.com>
Raj Shah <brainix@gmail.com>
Rajiv Bakulesh Shah <brainix@gmail.com>
Riccardo <ric.vitale@gmail.com>
Richard Barnett <richard.barnett@nearmap.com>
Richard Clark <richard@fohnet.co.uk>
rkononov <rkononov@gmail.com>
Roger Peppe <roger.peppe@canonical.com>
rt <ryan@triggit.com>
rvitale <ric.vitale@gmail.com>
Ryan Slade <ryan.slade@hailocab.com>
Sarah Adams <sadams.codes@gmail.com>
Sebastiaan Klippert <sebastiaan@garagesoftware.nl>
Shota Fukumori (sora_h) <her@sorah.jp>
Steve Gutz <sgutz@yext.com>
Steve Leonard <xsleonard@gmail.com>
sweeney <martin@sweeney.io>
TANABE Ken-ichi <kenichi.tanabe@hde.co.jp>
TANABE Ken-ichi <nabeken@tknetworks.org>
tim <tim@fewagainstmany.com>
Tim Bart <tim@fewagainstmany.com>
Tim Gross <tim@0x74696d.com>
Tom Clegg <tom@curoverse.com>
Troels Thomsen <troels@thomsen.io>
Tushar <tusharsingh@users.noreply.github.com>
Tushar Singh <github@tushar.ca>
Tyler Drombosky <tyler@luminal.io>
Uilton Dutra <uiltondutra@gmail.com>
Valentin Hăloiu <vially.ichb@gmail.com>
Victor Miroshnikov <me@vmiroshnikov.com>
wangmingshuai <736808191@qq.com>
YAMASAKI masahide <masahide.y@gmail.com>
Yousef Ourabi <yourabi@gmail.com>
Zack Owens <zowens2009@gmail.com>
Ziyan Zhou <ziyan.zhou@mujin.co.jp>
zoips <downturn@gmail.com>
